sexe,admis,dep
Homme,1,A
Homme,0,A
Femme,1,A
Femme,0,A
Homme,1,B
Homme,0,B
Femme,1,B
Femme,0,B
Homme,1,C
Homme,0,C
Femme,1,C
Femme,0,C
Homme,1,D
Homme,0,D
Femme,1,D
Femme,0,D
Homme,1,E
Homme,0,E
Femme,1,E
Femme,0,E
Homme,1,F
Homme,0,F
Femme,1,F
Femme,0,F
Homme,1,A
Homme,1,A
Homme,1,A
Homme,1,A
Homme,1,A
Homme,1,A
Homme,1,A
Homme,1,A
Homme,1,A
Homme,1,A
Homme,1,A
Homme,1,A
Homme,1,A
Homme,1,A
Homme,1,A
Homme,1,A
Homme,1,A
Homme,1,A
Homme,1,A
Homme,1,A
Homme,1,A
Homme,1,A
Homme,1,A
Homme,1,A
Homme,1,A
Homme,1,A
Homme,1,A
Homme,1,A
Homme,1,A
Homme,1,A
Homme,1,A
Homme,1,A
Homme,1,A
Homme,1,A
Homme,1,A
Homme,1,A
Homme,1,A
Homme,1,A
Homme,1,A
Homme,1,A
Homme,1,A
Homme,1,A
Homme,1,A
Homme,1,A
Homme,1,A
Homme,1,A
Homme,1,A
Homme,1,A
Homme,1,A
Homme,1,A
Homme,1,A
Homme,1,A
Homme,1,A
Homme,1,A
Homme,1,A
Homme,1,A
Homme,1,A
Homme,1,A
Homme,1,A
Homme,1,A
Homme,1,A
Homme,1,A
Homme,1,A
Homme,1,A
Homme,1,A
Homme,1,A
Homme,1,A
Homme,1,A
Homme,1,A
Homme,1,A
Homme,1,A
Homme,1,A
Homme,1,A
Homme,1,A
Homme,1,A
Homme,1,A
Homme,1,A
Homme,1,A
Homme,1,A
Homme,1,A
Homme,1,A
Homme,1,A
Homme,1,A
Homme,1,A
Homme,1,A
Homme,1,A
Homme,1,A
Homme,1,A
Homme,1,A
Homme,1,A
Homme,1,A
Homme,1,A
Homme,1,A
Homme,1,A
Homme,1,A
Homme,1,A
Homme,1,A
Homme,1,A
Homme,1,A
Homme,1,A
Homme,1,A
Homme,1,A
Homme,1,A
Homme,1,A
Homme,1,A
Homme,1,A
Homme,1,A
Homme,1,A
Homme,1,A
Homme,1,A
Homme,1,A
Homme,1,A
Homme,1,A
Homme,1,A
Homme,1,A
Homme,1,A
Homme,1,A
Homme,1,A
Homme,1,A
Homme,1,A
Homme,1,A
Homme,1,A
Homme,1,A
Homme,1,A
Homme,1,A
Homme,1,A
Homme,1,A
Homme,1,A
Homme,1,A
Homme,1,A
Homme,1,A
Homme,1,A
Homme,1,A
Homme,1,A
Homme,1,A
Homme,1,A
Homme,1,A
Homme,1,A
Homme,1,A
Homme,1,A
Homme,1,A
Homme,1,A
Homme,1,A
Homme,1,A
Homme,1,A
Homme,1,A
Homme,1,A
Homme,1,A
Homme,1,A
Homme,1,A
Homme,1,A
Homme,1,A
Homme,1,A
Homme,1,A
Homme,1,A
Homme,1,A
Homme,1,A
Homme,1,A
Homme,1,A
Homme,1,A
Homme,1,A
Homme,1,A
Homme,1,A
Homme,1,A
Homme,1,A
Homme,1,A
Homme,1,A
Homme,1,A
Homme,1,A
Homme,1,A
Homme,1,A
Homme,1,A
Homme,1,A
Homme,1,A
Homme,1,A
Homme,1,A
Homme,1,A
Homme,1,A
Homme,1,A
Homme,1,A
Homme,1,A
Homme,1,A
Homme,1,A
Homme,1,A
Homme,1,A
Homme,1,A
Homme,1,A
Homme,1,A
Homme,1,A
Homme,1,A
Homme,1,A
Homme,1,A
Homme,1,A
Homme,1,A
Homme,1,A
Homme,1,A
Homme,1,A
Homme,1,A
Homme,1,A
Homme,1,A
Homme,1,A
Homme,1,A
Homme,1,A
Homme,1,A
Homme,1,A
Homme,1,A
Homme,1,A
Homme,1,A
Homme,1,A
Homme,1,A
Homme,1,A
Homme,1,A
Homme,1,A
Homme,1,A
Homme,1,A
Homme,1,A
Homme,1,A
Homme,1,A
Homme,1,A
Homme,1,A
Homme,1,A
Homme,1,A
Homme,1,A
Homme,1,A
Homme,1,A
Homme,1,A
Homme,1,A
Homme,1,A
Homme,1,A
Homme,1,A
Homme,1,A
Homme,1,A
Homme,1,A
Homme,1,A
Homme,1,A
Homme,1,A
Homme,1,A
Homme,1,A
Homme,1,A
Homme,1,A
Homme,1,A
Homme,1,A
Homme,1,A
Homme,1,A
Homme,1,A
Homme,1,A
Homme,1,A
Homme,1,A
Homme,1,A
Homme,1,A
Homme,1,A
Homme,1,A
Homme,1,A
Homme,1,A
Homme,1,A
Homme,1,A
Homme,1,A
Homme,1,A
Homme,1,A
Homme,1,A
Homme,1,A
Homme,1,A
Homme,1,A
Homme,1,A
Homme,1,A
Homme,1,A
Homme,1,A
Homme,1,A
Homme,1,A
Homme,1,A
Homme,1,A
Homme,1,A
Homme,1,A
Homme,1,A
Homme,1,A
Homme,1,A
Homme,1,A
Homme,1,A
Homme,1,A
Homme,1,A
Homme,1,A
Homme,1,A
Homme,1,A
Homme,1,A
Homme,1,A
Homme,1,A
Homme,1,A
Homme,1,A
Homme,1,A
Homme,1,A
Homme,1,A
Homme,1,A
Homme,1,A
Homme,1,A
Homme,1,A
Homme,1,A
Homme,1,A
Homme,1,A
Homme,1,A
Homme,1,A
Homme,1,A
Homme,1,A
Homme,1,A
Homme,1,A
Homme,1,A
Homme,1,A
Homme,1,A
Homme,1,A
Homme,1,A
Homme,1,A
Homme,1,A
Homme,1,A
Homme,1,A
Homme,1,A
Homme,1,A
Homme,1,A
Homme,1,A
Homme,1,A
Homme,1,A
Homme,1,A
Homme,1,A
Homme,1,A
Homme,1,A
Homme,1,A
Homme,1,A
Homme,1,A
Homme,1,A
Homme,1,A
Homme,1,A
Homme,1,A
Homme,1,A
Homme,1,A
Homme,1,A
Homme,1,A
Homme,1,A
Homme,1,A
Homme,1,A
Homme,1,A
Homme,1,A
Homme,1,A
Homme,1,A
Homme,1,A
Homme,1,A
Homme,1,A
Homme,1,A
Homme,1,A
Homme,1,A
Homme,1,A
Homme,1,A
Homme,1,A
Homme,1,A
Homme,1,A
Homme,1,A
Homme,1,A
Homme,1,A
Homme,1,A
Homme,1,A
Homme,1,A
Homme,1,A
Homme,1,A
Homme,1,A
Homme,1,A
Homme,1,A
Homme,1,A
Homme,1,A
Homme,1,A
Homme,1,A
Homme,1,A
Homme,1,A
Homme,1,A
Homme,1,A
Homme,1,A
Homme,1,A
Homme,1,A
Homme,1,A
Homme,1,A
Homme,1,A
Homme,1,A
Homme,1,A
Homme,1,A
Homme,1,A
Homme,1,A
Homme,1,A
Homme,1,A
Homme,1,A
Homme,1,A
Homme,1,A
Homme,1,A
Homme,1,A
Homme,1,A
Homme,1,A
Homme,1,A
Homme,1,A
Homme,1,A
Homme,1,A
Homme,1,A
Homme,1,A
Homme,1,A
Homme,1,A
Homme,1,A
Homme,1,A
Homme,1,A
Homme,1,A
Homme,1,A
Homme,1,A
Homme,1,A
Homme,1,A
Homme,1,A
Homme,1,A
Homme,1,A
Homme,1,A
Homme,1,A
Homme,1,A
Homme,1,A
Homme,1,A
Homme,1,A
Homme,1,A
Homme,1,A
Homme,1,A
Homme,1,A
Homme,1,A
Homme,1,A
Homme,1,A
Homme,1,A
Homme,1,A
Homme,1,A
Homme,1,A
Homme,1,A
Homme,1,A
Homme,1,A
Homme,1,A
Homme,1,A
Homme,1,A
Homme,1,A
Homme,1,A
Homme,1,A
Homme,1,A
Homme,1,A
Homme,1,A
Homme,1,A
Homme,1,A
Homme,1,A
Homme,1,A
Homme,1,A
Homme,1,A
Homme,1,A
Homme,1,A
Homme,1,A
Homme,1,A
Homme,1,A
Homme,1,A
Homme,1,A
Homme,1,A
Homme,1,A
Homme,1,A
Homme,1,A
Homme,1,A
Homme,1,A
Homme,1,A
Homme,1,A
Homme,1,A
Homme,1,A
Homme,1,A
Homme,1,A
Homme,1,A
Homme,1,A
Homme,1,A
Homme,1,A
Homme,1,A
Homme,1,A
Homme,1,A
Homme,1,A
Homme,1,A
Homme,1,A
Homme,1,A
Homme,1,A
Homme,1,A
Homme,1,A
Homme,1,A
Homme,1,A
Homme,1,A
Homme,1,A
Homme,1,A
Homme,1,A
Homme,1,A
Homme,1,A
Homme,1,A
Homme,1,A
Homme,1,A
Homme,1,A
Homme,1,A
Homme,1,A
Homme,1,A
Homme,1,A
Homme,1,A
Homme,1,A
Homme,1,A
Homme,1,A
Homme,1,A
Homme,1,A
Homme,1,A
Homme,1,A
Homme,1,A
Homme,1,A
Homme,1,A
Homme,1,A
Homme,1,A
Homme,1,A
Homme,1,A
Homme,1,A
Homme,0,A
Homme,0,A
Homme,0,A
Homme,0,A
Homme,0,A
Homme,0,A
Homme,0,A
Homme,0,A
Homme,0,A
Homme,0,A
Homme,0,A
Homme,0,A
Homme,0,A
Homme,0,A
Homme,0,A
Homme,0,A
Homme,0,A
Homme,0,A
Homme,0,A
Homme,0,A
Homme,0,A
Homme,0,A
Homme,0,A
Homme,0,A
Homme,0,A
Homme,0,A
Homme,0,A
Homme,0,A
Homme,0,A
Homme,0,A
Homme,0,A
Homme,0,A
Homme,0,A
Homme,0,A
Homme,0,A
Homme,0,A
Homme,0,A
Homme,0,A
Homme,0,A
Homme,0,A
Homme,0,A
Homme,0,A
Homme,0,A
Homme,0,A
Homme,0,A
Homme,0,A
Homme,0,A
Homme,0,A
Homme,0,A
Homme,0,A
Homme,0,A
Homme,0,A
Homme,0,A
Homme,0,A
Homme,0,A
Homme,0,A
Homme,0,A
Homme,0,A
Homme,0,A
Homme,0,A
Homme,0,A
Homme,0,A
Homme,0,A
Homme,0,A
Homme,0,A
Homme,0,A
Homme,0,A
Homme,0,A
Homme,0,A
Homme,0,A
Homme,0,A
Homme,0,A
Homme,0,A
Homme,0,A
Homme,0,A
Homme,0,A
Homme,0,A
Homme,0,A
Homme,0,A
Homme,0,A
Homme,0,A
Homme,0,A
Homme,0,A
Homme,0,A
Homme,0,A
Homme,0,A
Homme,0,A
Homme,0,A
Homme,0,A
Homme,0,A
Homme,0,A
Homme,0,A
Homme,0,A
Homme,0,A
Homme,0,A
Homme,0,A
Homme,0,A
Homme,0,A
Homme,0,A
Homme,0,A
Homme,0,A
Homme,0,A
Homme,0,A
Homme,0,A
Homme,0,A
Homme,0,A
Homme,0,A
Homme,0,A
Homme,0,A
Homme,0,A
Homme,0,A
Homme,0,A
Homme,0,A
Homme,0,A
Homme,0,A
Homme,0,A
Homme,0,A
Homme,0,A
Homme,0,A
Homme,0,A
Homme,0,A
Homme,0,A
Homme,0,A
Homme,0,A
Homme,0,A
Homme,0,A
Homme,0,A
Homme,0,A
Homme,0,A
Homme,0,A
Homme,0,A
Homme,0,A
Homme,0,A
Homme,0,A
Homme,0,A
Homme,0,A
Homme,0,A
Homme,0,A
Homme,0,A
Homme,0,A
Homme,0,A
Homme,0,A
Homme,0,A
Homme,0,A
Homme,0,A
Homme,0,A
Homme,0,A
Homme,0,A
Homme,0,A
Homme,0,A
Homme,0,A
Homme,0,A
Homme,0,A
Homme,0,A
Homme,0,A
Homme,0,A
Homme,0,A
Homme,0,A
Homme,0,A
Homme,0,A
Homme,0,A
Homme,0,A
Homme,0,A
Homme,0,A
Homme,0,A
Homme,0,A
Homme,0,A
Homme,0,A
Homme,0,A
Homme,0,A
Homme,0,A
Homme,0,A
Homme,0,A
Homme,0,A
Homme,0,A
Homme,0,A
Homme,0,A
Homme,0,A
Homme,0,A
Homme,0,A
Homme,0,A
Homme,0,A
Homme,0,A
Homme,0,A
Homme,0,A
Homme,0,A
Homme,0,A
Homme,0,A
Homme,0,A
Homme,0,A
Homme,0,A
Homme,0,A
Homme,0,A
Homme,0,A
Homme,0,A
Homme,0,A
Homme,0,A
Homme,0,A
Homme,0,A
Homme,0,A
Homme,0,A
Homme,0,A
Homme,0,A
Homme,0,A
Homme,0,A
Homme,0,A
Homme,0,A
Homme,0,A
Homme,0,A
Homme,0,A
Homme,0,A
Homme,0,A
Homme,0,A
Homme,0,A
Homme,0,A
Homme,0,A
Homme,0,A
Homme,0,A
Homme,0,A
Homme,0,A
Homme,0,A
Homme,0,A
Homme,0,A
Homme,0,A
Homme,0,A
Homme,0,A
Homme,0,A
Homme,0,A
Homme,0,A
Homme,0,A
Homme,0,A
Homme,0,A
Homme,0,A
Homme,0,A
Homme,0,A
Homme,0,A
Homme,0,A
Homme,0,A
Homme,0,A
Homme,0,A
Homme,0,A
Homme,0,A
Homme,0,A
Homme,0,A
Homme,0,A
Homme,0,A
Homme,0,A
Homme,0,A
Homme,0,A
Homme,0,A
Homme,0,A
Homme,0,A
Homme,0,A
Homme,0,A
Homme,0,A
Homme,0,A
Homme,0,A
Homme,0,A
Homme,0,A
Homme,0,A
Homme,0,A
Homme,0,A
Homme,0,A
Homme,0,A
Homme,0,A
Homme,0,A
Homme,0,A
Homme,0,A
Homme,0,A
Homme,0,A
Homme,0,A
Homme,0,A
Homme,0,A
Homme,0,A
Homme,0,A
Homme,0,A
Homme,0,A
Homme,0,A
Homme,0,A
Homme,0,A
Homme,0,A
Homme,0,A
Homme,0,A
Homme,0,A
Homme,0,A
Homme,0,A
Homme,0,A
Homme,0,A
Homme,0,A
Homme,0,A
Homme,0,A
Homme,0,A
Homme,0,A
Homme,0,A
Homme,0,A
Homme,0,A
Homme,0,A
Homme,0,A
Homme,0,A
Homme,0,A
Homme,0,A
Homme,0,A
Homme,0,A
Homme,0,A
Homme,0,A
Homme,0,A
Homme,0,A
Homme,0,A
Homme,0,A
Homme,0,A
Homme,0,A
Homme,0,A
Femme,1,A
Femme,1,A
Femme,1,A
Femme,1,A
Femme,1,A
Femme,1,A
Femme,1,A
Femme,1,A
Femme,1,A
Femme,1,A
Femme,1,A
Femme,1,A
Femme,1,A
Femme,1,A
Femme,1,A
Femme,1,A
Femme,1,A
Femme,1,A
Femme,1,A
Femme,1,A
Femme,1,A
Femme,1,A
Femme,1,A
Femme,1,A
Femme,1,A
Femme,1,A
Femme,1,A
Femme,1,A
Femme,1,A
Femme,1,A
Femme,1,A
Femme,1,A
Femme,1,A
Femme,1,A
Femme,1,A
Femme,1,A
Femme,1,A
Femme,1,A
Femme,1,A
Femme,1,A
Femme,1,A
Femme,1,A
Femme,1,A
Femme,1,A
Femme,1,A
Femme,1,A
Femme,1,A
Femme,1,A
Femme,1,A
Femme,1,A
Femme,1,A
Femme,1,A
Femme,1,A
Femme,1,A
Femme,1,A
Femme,1,A
Femme,1,A
Femme,1,A
Femme,1,A
Femme,1,A
Femme,1,A
Femme,1,A
Femme,1,A
Femme,1,A
Femme,1,A
Femme,1,A
Femme,1,A
Femme,1,A
Femme,1,A
Femme,1,A
Femme,1,A
Femme,1,A
Femme,1,A
Femme,1,A
Femme,1,A
Femme,1,A
Femme,1,A
Femme,1,A
Femme,1,A
Femme,1,A
Femme,1,A
Femme,1,A
Femme,1,A
Femme,1,A
Femme,1,A
Femme,1,A
Femme,1,A
Femme,0,A
Femme,0,A
Femme,0,A
Femme,0,A
Femme,0,A
Femme,0,A
Femme,0,A
Femme,0,A
Femme,0,A
Femme,0,A
Femme,0,A
Femme,0,A
Femme,0,A
Femme,0,A
Femme,0,A
Femme,0,A
Femme,0,A
Homme,1,B
Homme,1,B
Homme,1,B
Homme,1,B
Homme,1,B
Homme,1,B
Homme,1,B
Homme,1,B
Homme,1,B
Homme,1,B
Homme,1,B
Homme,1,B
Homme,1,B
Homme,1,B
Homme,1,B
Homme,1,B
Homme,1,B
Homme,1,B
Homme,1,B
Homme,1,B
Homme,1,B
Homme,1,B
Homme,1,B
Homme,1,B
Homme,1,B
Homme,1,B
Homme,1,B
Homme,1,B
Homme,1,B
Homme,1,B
Homme,1,B
Homme,1,B
Homme,1,B
Homme,1,B
Homme,1,B
Homme,1,B
Homme,1,B
Homme,1,B
Homme,1,B
Homme,1,B
Homme,1,B
Homme,1,B
Homme,1,B
Homme,1,B
Homme,1,B
Homme,1,B
Homme,1,B
Homme,1,B
Homme,1,B
Homme,1,B
Homme,1,B
Homme,1,B
Homme,1,B
Homme,1,B
Homme,1,B
Homme,1,B
Homme,1,B
Homme,1,B
Homme,1,B
Homme,1,B
Homme,1,B
Homme,1,B
Homme,1,B
Homme,1,B
Homme,1,B
Homme,1,B
Homme,1,B
Homme,1,B
Homme,1,B
Homme,1,B
Homme,1,B
Homme,1,B
Homme,1,B
Homme,1,B
Homme,1,B
Homme,1,B
Homme,1,B
Homme,1,B
Homme,1,B
Homme,1,B
Homme,1,B
Homme,1,B
Homme,1,B
Homme,1,B
Homme,1,B
Homme,1,B
Homme,1,B
Homme,1,B
Homme,1,B
Homme,1,B
Homme,1,B
Homme,1,B
Homme,1,B
Homme,1,B
Homme,1,B
Homme,1,B
Homme,1,B
Homme,1,B
Homme,1,B
Homme,1,B
Homme,1,B
Homme,1,B
Homme,1,B
Homme,1,B
Homme,1,B
Homme,1,B
Homme,1,B
Homme,1,B
Homme,1,B
Homme,1,B
Homme,1,B
Homme,1,B
Homme,1,B
Homme,1,B
Homme,1,B
Homme,1,B
Homme,1,B
Homme,1,B
Homme,1,B
Homme,1,B
Homme,1,B
Homme,1,B
Homme,1,B
Homme,1,B
Homme,1,B
Homme,1,B
Homme,1,B
Homme,1,B
Homme,1,B
Homme,1,B
Homme,1,B
Homme,1,B
Homme,1,B
Homme,1,B
Homme,1,B
Homme,1,B
Homme,1,B
Homme,1,B
Homme,1,B
Homme,1,B
Homme,1,B
Homme,1,B
Homme,1,B
Homme,1,B
Homme,1,B
Homme,1,B
Homme,1,B
Homme,1,B
Homme,1,B
Homme,1,B
Homme,1,B
Homme,1,B
Homme,1,B
Homme,1,B
Homme,1,B
Homme,1,B
Homme,1,B
Homme,1,B
Homme,1,B
Homme,1,B
Homme,1,B
Homme,1,B
Homme,1,B
Homme,1,B
Homme,1,B
Homme,1,B
Homme,1,B
Homme,1,B
Homme,1,B
Homme,1,B
Homme,1,B
Homme,1,B
Homme,1,B
Homme,1,B
Homme,1,B
Homme,1,B
Homme,1,B
Homme,1,B
Homme,1,B
Homme,1,B
Homme,1,B
Homme,1,B
Homme,1,B
Homme,1,B
Homme,1,B
Homme,1,B
Homme,1,B
Homme,1,B
Homme,1,B
Homme,1,B
Homme,1,B
Homme,1,B
Homme,1,B
Homme,1,B
Homme,1,B
Homme,1,B
Homme,1,B
Homme,1,B
Homme,1,B
Homme,1,B
Homme,1,B
Homme,1,B
Homme,1,B
Homme,1,B
Homme,1,B
Homme,1,B
Homme,1,B
Homme,1,B
Homme,1,B
Homme,1,B
Homme,1,B
Homme,1,B
Homme,1,B
Homme,1,B
Homme,1,B
Homme,1,B
Homme,1,B
Homme,1,B
Homme,1,B
Homme,1,B
Homme,1,B
Homme,1,B
Homme,1,B
Homme,1,B
Homme,1,B
Homme,1,B
Homme,1,B
Homme,1,B
Homme,1,B
Homme,1,B
Homme,1,B
Homme,1,B
Homme,1,B
Homme,1,B
Homme,1,B
Homme,1,B
Homme,1,B
Homme,1,B
Homme,1,B
Homme,1,B
Homme,1,B
Homme,1,B
Homme,1,B
Homme,1,B
Homme,1,B
Homme,1,B
Homme,1,B
Homme,1,B
Homme,1,B
Homme,1,B
Homme,1,B
Homme,1,B
Homme,1,B
Homme,1,B
Homme,1,B
Homme,1,B
Homme,1,B
Homme,1,B
Homme,1,B
Homme,1,B
Homme,1,B
Homme,1,B
Homme,1,B
Homme,1,B
Homme,1,B
Homme,1,B
Homme,1,B
Homme,1,B
Homme,1,B
Homme,1,B
Homme,1,B
Homme,1,B
Homme,1,B
Homme,1,B
Homme,1,B
Homme,1,B
Homme,1,B
Homme,1,B
Homme,1,B
Homme,1,B
Homme,1,B
Homme,1,B
Homme,1,B
Homme,1,B
Homme,1,B
Homme,1,B
Homme,1,B
Homme,1,B
Homme,1,B
Homme,1,B
Homme,1,B
Homme,1,B
Homme,1,B
Homme,1,B
Homme,1,B
Homme,1,B
Homme,1,B
Homme,1,B
Homme,1,B
Homme,1,B
Homme,1,B
Homme,1,B
Homme,1,B
Homme,1,B
Homme,1,B
Homme,1,B
Homme,1,B
Homme,1,B
Homme,1,B
Homme,1,B
Homme,1,B
Homme,1,B
Homme,1,B
Homme,1,B
Homme,1,B
Homme,1,B
Homme,1,B
Homme,1,B
Homme,1,B
Homme,1,B
Homme,1,B
Homme,1,B
Homme,1,B
Homme,1,B
Homme,1,B
Homme,1,B
Homme,1,B
Homme,1,B
Homme,1,B
Homme,1,B
Homme,1,B
Homme,1,B
Homme,1,B
Homme,1,B
Homme,1,B
Homme,1,B
Homme,1,B
Homme,1,B
Homme,1,B
Homme,1,B
Homme,1,B
Homme,1,B
Homme,1,B
Homme,1,B
Homme,1,B
Homme,1,B
Homme,1,B
Homme,1,B
Homme,1,B
Homme,1,B
Homme,1,B
Homme,0,B
Homme,0,B
Homme,0,B
Homme,0,B
Homme,0,B
Homme,0,B
Homme,0,B
Homme,0,B
Homme,0,B
Homme,0,B
Homme,0,B
Homme,0,B
Homme,0,B
Homme,0,B
Homme,0,B
Homme,0,B
Homme,0,B
Homme,0,B
Homme,0,B
Homme,0,B
Homme,0,B
Homme,0,B
Homme,0,B
Homme,0,B
Homme,0,B
Homme,0,B
Homme,0,B
Homme,0,B
Homme,0,B
Homme,0,B
Homme,0,B
Homme,0,B
Homme,0,B
Homme,0,B
Homme,0,B
Homme,0,B
Homme,0,B
Homme,0,B
Homme,0,B
Homme,0,B
Homme,0,B
Homme,0,B
Homme,0,B
Homme,0,B
Homme,0,B
Homme,0,B
Homme,0,B
Homme,0,B
Homme,0,B
Homme,0,B
Homme,0,B
Homme,0,B
Homme,0,B
Homme,0,B
Homme,0,B
Homme,0,B
Homme,0,B
Homme,0,B
Homme,0,B
Homme,0,B
Homme,0,B
Homme,0,B
Homme,0,B
Homme,0,B
Homme,0,B
Homme,0,B
Homme,0,B
Homme,0,B
Homme,0,B
Homme,0,B
Homme,0,B
Homme,0,B
Homme,0,B
Homme,0,B
Homme,0,B
Homme,0,B
Homme,0,B
Homme,0,B
Homme,0,B
Homme,0,B
Homme,0,B
Homme,0,B
Homme,0,B
Homme,0,B
Homme,0,B
Homme,0,B
Homme,0,B
Homme,0,B
Homme,0,B
Homme,0,B
Homme,0,B
Homme,0,B
Homme,0,B
Homme,0,B
Homme,0,B
Homme,0,B
Homme,0,B
Homme,0,B
Homme,0,B
Homme,0,B
Homme,0,B
Homme,0,B
Homme,0,B
Homme,0,B
Homme,0,B
Homme,0,B
Homme,0,B
Homme,0,B
Homme,0,B
Homme,0,B
Homme,0,B
Homme,0,B
Homme,0,B
Homme,0,B
Homme,0,B
Homme,0,B
Homme,0,B
Homme,0,B
Homme,0,B
Homme,0,B
Homme,0,B
Homme,0,B
Homme,0,B
Homme,0,B
Homme,0,B
Homme,0,B
Homme,0,B
Homme,0,B
Homme,0,B
Homme,0,B
Homme,0,B
Homme,0,B
Homme,0,B
Homme,0,B
Homme,0,B
Homme,0,B
Homme,0,B
Homme,0,B
Homme,0,B
Homme,0,B
Homme,0,B
Homme,0,B
Homme,0,B
Homme,0,B
Homme,0,B
Homme,0,B
Homme,0,B
Homme,0,B
Homme,0,B
Homme,0,B
Homme,0,B
Homme,0,B
Homme,0,B
Homme,0,B
Homme,0,B
Homme,0,B
Homme,0,B
Homme,0,B
Homme,0,B
Homme,0,B
Homme,0,B
Homme,0,B
Homme,0,B
Homme,0,B
Homme,0,B
Homme,0,B
Homme,0,B
Homme,0,B
Homme,0,B
Homme,0,B
Homme,0,B
Homme,0,B
Homme,0,B
Homme,0,B
Homme,0,B
Homme,0,B
Homme,0,B
Homme,0,B
Homme,0,B
Homme,0,B
Homme,0,B
Homme,0,B
Homme,0,B
Homme,0,B
Homme,0,B
Homme,0,B
Homme,0,B
Homme,0,B
Homme,0,B
Homme,0,B
Homme,0,B
Homme,0,B
Homme,0,B
Homme,0,B
Homme,0,B
Homme,0,B
Homme,0,B
Homme,0,B
Homme,0,B
Homme,0,B
Homme,0,B
Homme,0,B
Homme,0,B
Homme,0,B
Homme,0,B
Femme,1,B
Femme,1,B
Femme,1,B
Femme,1,B
Femme,1,B
Femme,1,B
Femme,1,B
Femme,1,B
Femme,1,B
Femme,1,B
Femme,1,B
Femme,1,B
Femme,1,B
Femme,1,B
Femme,1,B
Femme,0,B
Femme,0,B
Femme,0,B
Femme,0,B
Femme,0,B
Femme,0,B
Homme,1,C
Homme,1,C
Homme,1,C
Homme,1,C
Homme,1,C
Homme,1,C
Homme,1,C
Homme,1,C
Homme,1,C
Homme,1,C
Homme,1,C
Homme,1,C
Homme,1,C
Homme,1,C
Homme,1,C
Homme,1,C
Homme,1,C
Homme,1,C
Homme,1,C
Homme,1,C
Homme,1,C
Homme,1,C
Homme,1,C
Homme,1,C
Homme,1,C
Homme,1,C
Homme,1,C
Homme,1,C
Homme,1,C
Homme,1,C
Homme,1,C
Homme,1,C
Homme,1,C
Homme,1,C
Homme,1,C
Homme,1,C
Homme,1,C
Homme,1,C
Homme,1,C
Homme,1,C
Homme,1,C
Homme,1,C
Homme,1,C
Homme,1,C
Homme,1,C
Homme,1,C
Homme,1,C
Homme,1,C
Homme,1,C
Homme,1,C
Homme,1,C
Homme,1,C
Homme,1,C
Homme,1,C
Homme,1,C
Homme,1,C
Homme,1,C
Homme,1,C
Homme,1,C
Homme,1,C
Homme,1,C
Homme,1,C
Homme,1,C
Homme,1,C
Homme,1,C
Homme,1,C
Homme,1,C
Homme,1,C
Homme,1,C
Homme,1,C
Homme,1,C
Homme,1,C
Homme,1,C
Homme,1,C
Homme,1,C
Homme,1,C
Homme,1,C
Homme,1,C
Homme,1,C
Homme,1,C
Homme,1,C
Homme,1,C
Homme,1,C
Homme,1,C
Homme,1,C
Homme,1,C
Homme,1,C
Homme,1,C
Homme,1,C
Homme,1,C
Homme,1,C
Homme,1,C
Homme,1,C
Homme,1,C
Homme,1,C
Homme,1,C
Homme,1,C
Homme,1,C
Homme,1,C
Homme,1,C
Homme,1,C
Homme,1,C
Homme,1,C
Homme,1,C
Homme,1,C
Homme,1,C
Homme,1,C
Homme,1,C
Homme,1,C
Homme,1,C
Homme,1,C
Homme,1,C
Homme,1,C
Homme,1,C
Homme,1,C
Homme,1,C
Homme,1,C
Homme,1,C
Homme,0,C
Homme,0,C
Homme,0,C
Homme,0,C
Homme,0,C
Homme,0,C
Homme,0,C
Homme,0,C
Homme,0,C
Homme,0,C
Homme,0,C
Homme,0,C
Homme,0,C
Homme,0,C
Homme,0,C
Homme,0,C
Homme,0,C
Homme,0,C
Homme,0,C
Homme,0,C
Homme,0,C
Homme,0,C
Homme,0,C
Homme,0,C
Homme,0,C
Homme,0,C
Homme,0,C
Homme,0,C
Homme,0,C
Homme,0,C
Homme,0,C
Homme,0,C
Homme,0,C
Homme,0,C
Homme,0,C
Homme,0,C
Homme,0,C
Homme,0,C
Homme,0,C
Homme,0,C
Homme,0,C
Homme,0,C
Homme,0,C
Homme,0,C
Homme,0,C
Homme,0,C
Homme,0,C
Homme,0,C
Homme,0,C
Homme,0,C
Homme,0,C
Homme,0,C
Homme,0,C
Homme,0,C
Homme,0,C
Homme,0,C
Homme,0,C
Homme,0,C
Homme,0,C
Homme,0,C
Homme,0,C
Homme,0,C
Homme,0,C
Homme,0,C
Homme,0,C
Homme,0,C
Homme,0,C
Homme,0,C
Homme,0,C
Homme,0,C
Homme,0,C
Homme,0,C
Homme,0,C
Homme,0,C
Homme,0,C
Homme,0,C
Homme,0,C
Homme,0,C
Homme,0,C
Homme,0,C
Homme,0,C
Homme,0,C
Homme,0,C
Homme,0,C
Homme,0,C
Homme,0,C
Homme,0,C
Homme,0,C
Homme,0,C
Homme,0,C
Homme,0,C
Homme,0,C
Homme,0,C
Homme,0,C
Homme,0,C
Homme,0,C
Homme,0,C
Homme,0,C
Homme,0,C
Homme,0,C
Homme,0,C
Homme,0,C
Homme,0,C
Homme,0,C
Homme,0,C
Homme,0,C
Homme,0,C
Homme,0,C
Homme,0,C
Homme,0,C
Homme,0,C
Homme,0,C
Homme,0,C
Homme,0,C
Homme,0,C
Homme,0,C
Homme,0,C
Homme,0,C
Homme,0,C
Homme,0,C
Homme,0,C
Homme,0,C
Homme,0,C
Homme,0,C
Homme,0,C
Homme,0,C
Homme,0,C
Homme,0,C
Homme,0,C
Homme,0,C
Homme,0,C
Homme,0,C
Homme,0,C
Homme,0,C
Homme,0,C
Homme,0,C
Homme,0,C
Homme,0,C
Homme,0,C
Homme,0,C
Homme,0,C
Homme,0,C
Homme,0,C
Homme,0,C
Homme,0,C
Homme,0,C
Homme,0,C
Homme,0,C
Homme,0,C
Homme,0,C
Homme,0,C
Homme,0,C
Homme,0,C
Homme,0,C
Homme,0,C
Homme,0,C
Homme,0,C
Homme,0,C
Homme,0,C
Homme,0,C
Homme,0,C
Homme,0,C
Homme,0,C
Homme,0,C
Homme,0,C
Homme,0,C
Homme,0,C
Homme,0,C
Homme,0,C
Homme,0,C
Homme,0,C
Homme,0,C
Homme,0,C
Homme,0,C
Homme,0,C
Homme,0,C
Homme,0,C
Homme,0,C
Homme,0,C
Homme,0,C
Homme,0,C
Homme,0,C
Homme,0,C
Homme,0,C
Homme,0,C
Homme,0,C
Homme,0,C
Homme,0,C
Homme,0,C
Homme,0,C
Homme,0,C
Homme,0,C
Homme,0,C
Homme,0,C
Homme,0,C
Homme,0,C
Homme,0,C
Homme,0,C
Homme,0,C
Homme,0,C
Homme,0,C
Homme,0,C
Homme,0,C
Femme,1,C
Femme,1,C
Femme,1,C
Femme,1,C
Femme,1,C
Femme,1,C
Femme,1,C
Femme,1,C
Femme,1,C
Femme,1,C
Femme,1,C
Femme,1,C
Femme,1,C
Femme,1,C
Femme,1,C
Femme,1,C
Femme,1,C
Femme,1,C
Femme,1,C
Femme,1,C
Femme,1,C
Femme,1,C
Femme,1,C
Femme,1,C
Femme,1,C
Femme,1,C
Femme,1,C
Femme,1,C
Femme,1,C
Femme,1,C
Femme,1,C
Femme,1,C
Femme,1,C
Femme,1,C
Femme,1,C
Femme,1,C
Femme,1,C
Femme,1,C
Femme,1,C
Femme,1,C
Femme,1,C
Femme,1,C
Femme,1,C
Femme,1,C
Femme,1,C
Femme,1,C
Femme,1,C
Femme,1,C
Femme,1,C
Femme,1,C
Femme,1,C
Femme,1,C
Femme,1,C
Femme,1,C
Femme,1,C
Femme,1,C
Femme,1,C
Femme,1,C
Femme,1,C
Femme,1,C
Femme,1,C
Femme,1,C
Femme,1,C
Femme,1,C
Femme,1,C
Femme,1,C
Femme,1,C
Femme,1,C
Femme,1,C
Femme,1,C
Femme,1,C
Femme,1,C
Femme,1,C
Femme,1,C
Femme,1,C
Femme,1,C
Femme,1,C
Femme,1,C
Femme,1,C
Femme,1,C
Femme,1,C
Femme,1,C
Femme,1,C
Femme,1,C
Femme,1,C
Femme,1,C
Femme,1,C
Femme,1,C
Femme,1,C
Femme,1,C
Femme,1,C
Femme,1,C
Femme,1,C
Femme,1,C
Femme,1,C
Femme,1,C
Femme,1,C
Femme,1,C
Femme,1,C
Femme,1,C
Femme,1,C
Femme,1,C
Femme,1,C
Femme,1,C
Femme,1,C
Femme,1,C
Femme,1,C
Femme,1,C
Femme,1,C
Femme,1,C
Femme,1,C
Femme,1,C
Femme,1,C
Femme,1,C
Femme,1,C
Femme,1,C
Femme,1,C
Femme,1,C
Femme,1,C
Femme,1,C
Femme,1,C
Femme,1,C
Femme,1,C
Femme,1,C
Femme,1,C
Femme,1,C
Femme,1,C
Femme,1,C
Femme,1,C
Femme,1,C
Femme,1,C
Femme,1,C
Femme,1,C
Femme,1,C
Femme,1,C
Femme,1,C
Femme,1,C
Femme,1,C
Femme,1,C
Femme,1,C
Femme,1,C
Femme,1,C
Femme,1,C
Femme,1,C
Femme,1,C
Femme,1,C
Femme,1,C
Femme,1,C
Femme,1,C
Femme,1,C
Femme,1,C
Femme,1,C
Femme,1,C
Femme,1,C
Femme,1,C
Femme,1,C
Femme,1,C
Femme,1,C
Femme,1,C
Femme,1,C
Femme,1,C
Femme,1,C
Femme,1,C
Femme,1,C
Femme,1,C
Femme,1,C
Femme,1,C
Femme,1,C
Femme,1,C
Femme,1,C
Femme,1,C
Femme,1,C
Femme,1,C
Femme,1,C
Femme,1,C
Femme,1,C
Femme,1,C
Femme,1,C
Femme,1,C
Femme,1,C
Femme,1,C
Femme,1,C
Femme,1,C
Femme,1,C
Femme,1,C
Femme,1,C
Femme,1,C
Femme,1,C
Femme,1,C
Femme,1,C
Femme,1,C
Femme,1,C
Femme,1,C
Femme,1,C
Femme,1,C
Femme,1,C
Femme,1,C
Femme,1,C
Femme,1,C
Femme,1,C
Femme,0,C
Femme,0,C
Femme,0,C
Femme,0,C
Femme,0,C
Femme,0,C
Femme,0,C
Femme,0,C
Femme,0,C
Femme,0,C
Femme,0,C
Femme,0,C
Femme,0,C
Femme,0,C
Femme,0,C
Femme,0,C
Femme,0,C
Femme,0,C
Femme,0,C
Femme,0,C
Femme,0,C
Femme,0,C
Femme,0,C
Femme,0,C
Femme,0,C
Femme,0,C
Femme,0,C
Femme,0,C
Femme,0,C
Femme,0,C
Femme,0,C
Femme,0,C
Femme,0,C
Femme,0,C
Femme,0,C
Femme,0,C
Femme,0,C
Femme,0,C
Femme,0,C
Femme,0,C
Femme,0,C
Femme,0,C
Femme,0,C
Femme,0,C
Femme,0,C
Femme,0,C
Femme,0,C
Femme,0,C
Femme,0,C
Femme,0,C
Femme,0,C
Femme,0,C
Femme,0,C
Femme,0,C
Femme,0,C
Femme,0,C
Femme,0,C
Femme,0,C
Femme,0,C
Femme,0,C
Femme,0,C
Femme,0,C
Femme,0,C
Femme,0,C
Femme,0,C
Femme,0,C
Femme,0,C
Femme,0,C
Femme,0,C
Femme,0,C
Femme,0,C
Femme,0,C
Femme,0,C
Femme,0,C
Femme,0,C
Femme,0,C
Femme,0,C
Femme,0,C
Femme,0,C
Femme,0,C
Femme,0,C
Femme,0,C
Femme,0,C
Femme,0,C
Femme,0,C
Femme,0,C
Femme,0,C
Femme,0,C
Femme,0,C
Femme,0,C
Femme,0,C
Femme,0,C
Femme,0,C
Femme,0,C
Femme,0,C
Femme,0,C
Femme,0,C
Femme,0,C
Femme,0,C
Femme,0,C
Femme,0,C
Femme,0,C
Femme,0,C
Femme,0,C
Femme,0,C
Femme,0,C
Femme,0,C
Femme,0,C
Femme,0,C
Femme,0,C
Femme,0,C
Femme,0,C
Femme,0,C
Femme,0,C
Femme,0,C
Femme,0,C
Femme,0,C
Femme,0,C
Femme,0,C
Femme,0,C
Femme,0,C
Femme,0,C
Femme,0,C
Femme,0,C
Femme,0,C
Femme,0,C
Femme,0,C
Femme,0,C
Femme,0,C
Femme,0,C
Femme,0,C
Femme,0,C
Femme,0,C
Femme,0,C
Femme,0,C
Femme,0,C
Femme,0,C
Femme,0,C
Femme,0,C
Femme,0,C
Femme,0,C
Femme,0,C
Femme,0,C
Femme,0,C
Femme,0,C
Femme,0,C
Femme,0,C
Femme,0,C
Femme,0,C
Femme,0,C
Femme,0,C
Femme,0,C
Femme,0,C
Femme,0,C
Femme,0,C
Femme,0,C
Femme,0,C
Femme,0,C
Femme,0,C
Femme,0,C
Femme,0,C
Femme,0,C
Femme,0,C
Femme,0,C
Femme,0,C
Femme,0,C
Femme,0,C
Femme,0,C
Femme,0,C
Femme,0,C
Femme,0,C
Femme,0,C
Femme,0,C
Femme,0,C
Femme,0,C
Femme,0,C
Femme,0,C
Femme,0,C
Femme,0,C
Femme,0,C
Femme,0,C
Femme,0,C
Femme,0,C
Femme,0,C
Femme,0,C
Femme,0,C
Femme,0,C
Femme,0,C
Femme,0,C
Femme,0,C
Femme,0,C
Femme,0,C
Femme,0,C
Femme,0,C
Femme,0,C
Femme,0,C
Femme,0,C
Femme,0,C
Femme,0,C
Femme,0,C
Femme,0,C
Femme,0,C
Femme,0,C
Femme,0,C
Femme,0,C
Femme,0,C
Femme,0,C
Femme,0,C
Femme,0,C
Femme,0,C
Femme,0,C
Femme,0,C
Femme,0,C
Femme,0,C
Femme,0,C
Femme,0,C
Femme,0,C
Femme,0,C
Femme,0,C
Femme,0,C
Femme,0,C
Femme,0,C
Femme,0,C
Femme,0,C
Femme,0,C
Femme,0,C
Femme,0,C
Femme,0,C
Femme,0,C
Femme,0,C
Femme,0,C
Femme,0,C
Femme,0,C
Femme,0,C
Femme,0,C
Femme,0,C
Femme,0,C
Femme,0,C
Femme,0,C
Femme,0,C
Femme,0,C
Femme,0,C
Femme,0,C
Femme,0,C
Femme,0,C
Femme,0,C
Femme,0,C
Femme,0,C
Femme,0,C
Femme,0,C
Femme,0,C
Femme,0,C
Femme,0,C
Femme,0,C
Femme,0,C
Femme,0,C
Femme,0,C
Femme,0,C
Femme,0,C
Femme,0,C
Femme,0,C
Femme,0,C
Femme,0,C
Femme,0,C
Femme,0,C
Femme,0,C
Femme,0,C
Femme,0,C
Femme,0,C
Femme,0,C
Femme,0,C
Femme,0,C
Femme,0,C
Femme,0,C
Femme,0,C
Femme,0,C
Femme,0,C
Femme,0,C
Femme,0,C
Femme,0,C
Femme,0,C
Femme,0,C
Femme,0,C
Femme,0,C
Femme,0,C
Femme,0,C
Femme,0,C
Femme,0,C
Femme,0,C
Femme,0,C
Femme,0,C
Femme,0,C
Femme,0,C
Femme,0,C
Femme,0,C
Femme,0,C
Femme,0,C
Femme,0,C
Femme,0,C
Femme,0,C
Femme,0,C
Femme,0,C
Femme,0,C
Femme,0,C
Femme,0,C
Femme,0,C
Femme,0,C
Femme,0,C
Femme,0,C
Femme,0,C
Femme,0,C
Femme,0,C
Femme,0,C
Femme,0,C
Femme,0,C
Femme,0,C
Femme,0,C
Femme,0,C
Femme,0,C
Femme,0,C
Femme,0,C
Femme,0,C
Femme,0,C
Femme,0,C
Femme,0,C
Femme,0,C
Femme,0,C
Femme,0,C
Femme,0,C
Femme,0,C
Femme,0,C
Femme,0,C
Femme,0,C
Femme,0,C
Femme,0,C
Femme,0,C
Femme,0,C
Femme,0,C
Femme,0,C
Femme,0,C
Femme,0,C
Femme,0,C
Femme,0,C
Femme,0,C
Femme,0,C
Femme,0,C
Femme,0,C
Femme,0,C
Femme,0,C
Femme,0,C
Femme,0,C
Femme,0,C
Femme,0,C
Femme,0,C
Femme,0,C
Femme,0,C
Femme,0,C
Femme,0,C
Femme,0,C
Femme,0,C
Femme,0,C
Femme,0,C
Femme,0,C
Femme,0,C
Femme,0,C
Femme,0,C
Femme,0,C
Femme,0,C
Femme,0,C
Femme,0,C
Femme,0,C
Femme,0,C
Femme,0,C
Femme,0,C
Femme,0,C
Femme,0,C
Femme,0,C
Femme,0,C
Femme,0,C
Femme,0,C
Femme,0,C
Femme,0,C
Femme,0,C
Femme,0,C
Femme,0,C
Femme,0,C
Femme,0,C
Femme,0,C
Femme,0,C
Homme,1,D
Homme,1,D
Homme,1,D
Homme,1,D
Homme,1,D
Homme,1,D
Homme,1,D
Homme,1,D
Homme,1,D
Homme,1,D
Homme,1,D
Homme,1,D
Homme,1,D
Homme,1,D
Homme,1,D
Homme,1,D
Homme,1,D
Homme,1,D
Homme,1,D
Homme,1,D
Homme,1,D
Homme,1,D
Homme,1,D
Homme,1,D
Homme,1,D
Homme,1,D
Homme,1,D
Homme,1,D
Homme,1,D
Homme,1,D
Homme,1,D
Homme,1,D
Homme,1,D
Homme,1,D
Homme,1,D
Homme,1,D
Homme,1,D
Homme,1,D
Homme,1,D
Homme,1,D
Homme,1,D
Homme,1,D
Homme,1,D
Homme,1,D
Homme,1,D
Homme,1,D
Homme,1,D
Homme,1,D
Homme,1,D
Homme,1,D
Homme,1,D
Homme,1,D
Homme,1,D
Homme,1,D
Homme,1,D
Homme,1,D
Homme,1,D
Homme,1,D
Homme,1,D
Homme,1,D
Homme,1,D
Homme,1,D
Homme,1,D
Homme,1,D
Homme,1,D
Homme,1,D
Homme,1,D
Homme,1,D
Homme,1,D
Homme,1,D
Homme,1,D
Homme,1,D
Homme,1,D
Homme,1,D
Homme,1,D
Homme,1,D
Homme,1,D
Homme,1,D
Homme,1,D
Homme,1,D
Homme,1,D
Homme,1,D
Homme,1,D
Homme,1,D
Homme,1,D
Homme,1,D
Homme,1,D
Homme,1,D
Homme,1,D
Homme,1,D
Homme,1,D
Homme,1,D
Homme,1,D
Homme,1,D
Homme,1,D
Homme,1,D
Homme,1,D
Homme,1,D
Homme,1,D
Homme,1,D
Homme,1,D
Homme,1,D
Homme,1,D
Homme,1,D
Homme,1,D
Homme,1,D
Homme,1,D
Homme,1,D
Homme,1,D
Homme,1,D
Homme,1,D
Homme,1,D
Homme,1,D
Homme,1,D
Homme,1,D
Homme,1,D
Homme,1,D
Homme,1,D
Homme,1,D
Homme,1,D
Homme,1,D
Homme,1,D
Homme,1,D
Homme,1,D
Homme,1,D
Homme,1,D
Homme,1,D
Homme,1,D
Homme,1,D
Homme,1,D
Homme,1,D
Homme,1,D
Homme,1,D
Homme,1,D
Homme,1,D
Homme,1,D
Homme,0,D
Homme,0,D
Homme,0,D
Homme,0,D
Homme,0,D
Homme,0,D
Homme,0,D
Homme,0,D
Homme,0,D
Homme,0,D
Homme,0,D
Homme,0,D
Homme,0,D
Homme,0,D
Homme,0,D
Homme,0,D
Homme,0,D
Homme,0,D
Homme,0,D
Homme,0,D
Homme,0,D
Homme,0,D
Homme,0,D
Homme,0,D
Homme,0,D
Homme,0,D
Homme,0,D
Homme,0,D
Homme,0,D
Homme,0,D
Homme,0,D
Homme,0,D
Homme,0,D
Homme,0,D
Homme,0,D
Homme,0,D
Homme,0,D
Homme,0,D
Homme,0,D
Homme,0,D
Homme,0,D
Homme,0,D
Homme,0,D
Homme,0,D
Homme,0,D
Homme,0,D
Homme,0,D
Homme,0,D
Homme,0,D
Homme,0,D
Homme,0,D
Homme,0,D
Homme,0,D
Homme,0,D
Homme,0,D
Homme,0,D
Homme,0,D
Homme,0,D
Homme,0,D
Homme,0,D
Homme,0,D
Homme,0,D
Homme,0,D
Homme,0,D
Homme,0,D
Homme,0,D
Homme,0,D
Homme,0,D
Homme,0,D
Homme,0,D
Homme,0,D
Homme,0,D
Homme,0,D
Homme,0,D
Homme,0,D
Homme,0,D
Homme,0,D
Homme,0,D
Homme,0,D
Homme,0,D
Homme,0,D
Homme,0,D
Homme,0,D
Homme,0,D
Homme,0,D
Homme,0,D
Homme,0,D
Homme,0,D
Homme,0,D
Homme,0,D
Homme,0,D
Homme,0,D
Homme,0,D
Homme,0,D
Homme,0,D
Homme,0,D
Homme,0,D
Homme,0,D
Homme,0,D
Homme,0,D
Homme,0,D
Homme,0,D
Homme,0,D
Homme,0,D
Homme,0,D
Homme,0,D
Homme,0,D
Homme,0,D
Homme,0,D
Homme,0,D
Homme,0,D
Homme,0,D
Homme,0,D
Homme,0,D
Homme,0,D
Homme,0,D
Homme,0,D
Homme,0,D
Homme,0,D
Homme,0,D
Homme,0,D
Homme,0,D
Homme,0,D
Homme,0,D
Homme,0,D
Homme,0,D
Homme,0,D
Homme,0,D
Homme,0,D
Homme,0,D
Homme,0,D
Homme,0,D
Homme,0,D
Homme,0,D
Homme,0,D
Homme,0,D
Homme,0,D
Homme,0,D
Homme,0,D
Homme,0,D
Homme,0,D
Homme,0,D
Homme,0,D
Homme,0,D
Homme,0,D
Homme,0,D
Homme,0,D
Homme,0,D
Homme,0,D
Homme,0,D
Homme,0,D
Homme,0,D
Homme,0,D
Homme,0,D
Homme,0,D
Homme,0,D
Homme,0,D
Homme,0,D
Homme,0,D
Homme,0,D
Homme,0,D
Homme,0,D
Homme,0,D
Homme,0,D
Homme,0,D
Homme,0,D
Homme,0,D
Homme,0,D
Homme,0,D
Homme,0,D
Homme,0,D
Homme,0,D
Homme,0,D
Homme,0,D
Homme,0,D
Homme,0,D
Homme,0,D
Homme,0,D
Homme,0,D
Homme,0,D
Homme,0,D
Homme,0,D
Homme,0,D
Homme,0,D
Homme,0,D
Homme,0,D
Homme,0,D
Homme,0,D
Homme,0,D
Homme,0,D
Homme,0,D
Homme,0,D
Homme,0,D
Homme,0,D
Homme,0,D
Homme,0,D
Homme,0,D
Homme,0,D
Homme,0,D
Homme,0,D
Homme,0,D
Homme,0,D
Homme,0,D
Homme,0,D
Homme,0,D
Homme,0,D
Homme,0,D
Homme,0,D
Homme,0,D
Homme,0,D
Homme,0,D
Homme,0,D
Homme,0,D
Homme,0,D
Homme,0,D
Homme,0,D
Homme,0,D
Homme,0,D
Homme,0,D
Homme,0,D
Homme,0,D
Homme,0,D
Homme,0,D
Homme,0,D
Homme,0,D
Homme,0,D
Homme,0,D
Homme,0,D
Homme,0,D
Homme,0,D
Homme,0,D
Homme,0,D
Homme,0,D
Homme,0,D
Homme,0,D
Homme,0,D
Homme,0,D
Homme,0,D
Homme,0,D
Homme,0,D
Homme,0,D
Homme,0,D
Homme,0,D
Homme,0,D
Homme,0,D
Homme,0,D
Homme,0,D
Homme,0,D
Homme,0,D
Homme,0,D
Homme,0,D
Homme,0,D
Homme,0,D
Homme,0,D
Homme,0,D
Homme,0,D
Homme,0,D
Homme,0,D
Homme,0,D
Homme,0,D
Homme,0,D
Homme,0,D
Homme,0,D
Homme,0,D
Homme,0,D
Homme,0,D
Homme,0,D
Homme,0,D
Homme,0,D
Homme,0,D
Homme,0,D
Homme,0,D
Homme,0,D
Homme,0,D
Homme,0,D
Homme,0,D
Homme,0,D
Femme,1,D
Femme,1,D
Femme,1,D
Femme,1,D
Femme,1,D
Femme,1,D
Femme,1,D
Femme,1,D
Femme,1,D
Femme,1,D
Femme,1,D
Femme,1,D
Femme,1,D
Femme,1,D
Femme,1,D
Femme,1,D
Femme,1,D
Femme,1,D
Femme,1,D
Femme,1,D
Femme,1,D
Femme,1,D
Femme,1,D
Femme,1,D
Femme,1,D
Femme,1,D
Femme,1,D
Femme,1,D
Femme,1,D
Femme,1,D
Femme,1,D
Femme,1,D
Femme,1,D
Femme,1,D
Femme,1,D
Femme,1,D
Femme,1,D
Femme,1,D
Femme,1,D
Femme,1,D
Femme,1,D
Femme,1,D
Femme,1,D
Femme,1,D
Femme,1,D
Femme,1,D
Femme,1,D
Femme,1,D
Femme,1,D
Femme,1,D
Femme,1,D
Femme,1,D
Femme,1,D
Femme,1,D
Femme,1,D
Femme,1,D
Femme,1,D
Femme,1,D
Femme,1,D
Femme,1,D
Femme,1,D
Femme,1,D
Femme,1,D
Femme,1,D
Femme,1,D
Femme,1,D
Femme,1,D
Femme,1,D
Femme,1,D
Femme,1,D
Femme,1,D
Femme,1,D
Femme,1,D
Femme,1,D
Femme,1,D
Femme,1,D
Femme,1,D
Femme,1,D
Femme,1,D
Femme,1,D
Femme,1,D
Femme,1,D
Femme,1,D
Femme,1,D
Femme,1,D
Femme,1,D
Femme,1,D
Femme,1,D
Femme,1,D
Femme,1,D
Femme,1,D
Femme,1,D
Femme,1,D
Femme,1,D
Femme,1,D
Femme,1,D
Femme,1,D
Femme,1,D
Femme,1,D
Femme,1,D
Femme,1,D
Femme,1,D
Femme,1,D
Femme,1,D
Femme,1,D
Femme,1,D
Femme,1,D
Femme,1,D
Femme,1,D
Femme,1,D
Femme,1,D
Femme,1,D
Femme,1,D
Femme,1,D
Femme,1,D
Femme,1,D
Femme,1,D
Femme,1,D
Femme,1,D
Femme,1,D
Femme,1,D
Femme,1,D
Femme,1,D
Femme,1,D
Femme,1,D
Femme,1,D
Femme,1,D
Femme,1,D
Femme,1,D
Femme,0,D
Femme,0,D
Femme,0,D
Femme,0,D
Femme,0,D
Femme,0,D
Femme,0,D
Femme,0,D
Femme,0,D
Femme,0,D
Femme,0,D
Femme,0,D
Femme,0,D
Femme,0,D
Femme,0,D
Femme,0,D
Femme,0,D
Femme,0,D
Femme,0,D
Femme,0,D
Femme,0,D
Femme,0,D
Femme,0,D
Femme,0,D
Femme,0,D
Femme,0,D
Femme,0,D
Femme,0,D
Femme,0,D
Femme,0,D
Femme,0,D
Femme,0,D
Femme,0,D
Femme,0,D
Femme,0,D
Femme,0,D
Femme,0,D
Femme,0,D
Femme,0,D
Femme,0,D
Femme,0,D
Femme,0,D
Femme,0,D
Femme,0,D
Femme,0,D
Femme,0,D
Femme,0,D
Femme,0,D
Femme,0,D
Femme,0,D
Femme,0,D
Femme,0,D
Femme,0,D
Femme,0,D
Femme,0,D
Femme,0,D
Femme,0,D
Femme,0,D
Femme,0,D
Femme,0,D
Femme,0,D
Femme,0,D
Femme,0,D
Femme,0,D
Femme,0,D
Femme,0,D
Femme,0,D
Femme,0,D
Femme,0,D
Femme,0,D
Femme,0,D
Femme,0,D
Femme,0,D
Femme,0,D
Femme,0,D
Femme,0,D
Femme,0,D
Femme,0,D
Femme,0,D
Femme,0,D
Femme,0,D
Femme,0,D
Femme,0,D
Femme,0,D
Femme,0,D
Femme,0,D
Femme,0,D
Femme,0,D
Femme,0,D
Femme,0,D
Femme,0,D
Femme,0,D
Femme,0,D
Femme,0,D
Femme,0,D
Femme,0,D
Femme,0,D
Femme,0,D
Femme,0,D
Femme,0,D
Femme,0,D
Femme,0,D
Femme,0,D
Femme,0,D
Femme,0,D
Femme,0,D
Femme,0,D
Femme,0,D
Femme,0,D
Femme,0,D
Femme,0,D
Femme,0,D
Femme,0,D
Femme,0,D
Femme,0,D
Femme,0,D
Femme,0,D
Femme,0,D
Femme,0,D
Femme,0,D
Femme,0,D
Femme,0,D
Femme,0,D
Femme,0,D
Femme,0,D
Femme,0,D
Femme,0,D
Femme,0,D
Femme,0,D
Femme,0,D
Femme,0,D
Femme,0,D
Femme,0,D
Femme,0,D
Femme,0,D
Femme,0,D
Femme,0,D
Femme,0,D
Femme,0,D
Femme,0,D
Femme,0,D
Femme,0,D
Femme,0,D
Femme,0,D
Femme,0,D
Femme,0,D
Femme,0,D
Femme,0,D
Femme,0,D
Femme,0,D
Femme,0,D
Femme,0,D
Femme,0,D
Femme,0,D
Femme,0,D
Femme,0,D
Femme,0,D
Femme,0,D
Femme,0,D
Femme,0,D
Femme,0,D
Femme,0,D
Femme,0,D
Femme,0,D
Femme,0,D
Femme,0,D
Femme,0,D
Femme,0,D
Femme,0,D
Femme,0,D
Femme,0,D
Femme,0,D
Femme,0,D
Femme,0,D
Femme,0,D
Femme,0,D
Femme,0,D
Femme,0,D
Femme,0,D
Femme,0,D
Femme,0,D
Femme,0,D
Femme,0,D
Femme,0,D
Femme,0,D
Femme,0,D
Femme,0,D
Femme,0,D
Femme,0,D
Femme,0,D
Femme,0,D
Femme,0,D
Femme,0,D
Femme,0,D
Femme,0,D
Femme,0,D
Femme,0,D
Femme,0,D
Femme,0,D
Femme,0,D
Femme,0,D
Femme,0,D
Femme,0,D
Femme,0,D
Femme,0,D
Femme,0,D
Femme,0,D
Femme,0,D
Femme,0,D
Femme,0,D
Femme,0,D
Femme,0,D
Femme,0,D
Femme,0,D
Femme,0,D
Femme,0,D
Femme,0,D
Femme,0,D
Femme,0,D
Femme,0,D
Femme,0,D
Femme,0,D
Femme,0,D
Femme,0,D
Femme,0,D
Femme,0,D
Femme,0,D
Femme,0,D
Femme,0,D
Femme,0,D
Femme,0,D
Femme,0,D
Femme,0,D
Femme,0,D
Femme,0,D
Femme,0,D
Femme,0,D
Femme,0,D
Femme,0,D
Femme,0,D
Femme,0,D
Femme,0,D
Homme,1,E
Homme,1,E
Homme,1,E
Homme,1,E
Homme,1,E
Homme,1,E
Homme,1,E
Homme,1,E
Homme,1,E
Homme,1,E
Homme,1,E
Homme,1,E
Homme,1,E
Homme,1,E
Homme,1,E
Homme,1,E
Homme,1,E
Homme,1,E
Homme,1,E
Homme,1,E
Homme,1,E
Homme,1,E
Homme,1,E
Homme,1,E
Homme,1,E
Homme,1,E
Homme,1,E
Homme,1,E
Homme,1,E
Homme,1,E
Homme,1,E
Homme,1,E
Homme,1,E
Homme,1,E
Homme,1,E
Homme,1,E
Homme,1,E
Homme,1,E
Homme,1,E
Homme,1,E
Homme,1,E
Homme,1,E
Homme,1,E
Homme,1,E
Homme,1,E
Homme,1,E
Homme,1,E
Homme,1,E
Homme,1,E
Homme,1,E
Homme,1,E
Homme,0,E
Homme,0,E
Homme,0,E
Homme,0,E
Homme,0,E
Homme,0,E
Homme,0,E
Homme,0,E
Homme,0,E
Homme,0,E
Homme,0,E
Homme,0,E
Homme,0,E
Homme,0,E
Homme,0,E
Homme,0,E
Homme,0,E
Homme,0,E
Homme,0,E
Homme,0,E
Homme,0,E
Homme,0,E
Homme,0,E
Homme,0,E
Homme,0,E
Homme,0,E
Homme,0,E
Homme,0,E
Homme,0,E
Homme,0,E
Homme,0,E
Homme,0,E
Homme,0,E
Homme,0,E
Homme,0,E
Homme,0,E
Homme,0,E
Homme,0,E
Homme,0,E
Homme,0,E
Homme,0,E
Homme,0,E
Homme,0,E
Homme,0,E
Homme,0,E
Homme,0,E
Homme,0,E
Homme,0,E
Homme,0,E
Homme,0,E
Homme,0,E
Homme,0,E
Homme,0,E
Homme,0,E
Homme,0,E
Homme,0,E
Homme,0,E
Homme,0,E
Homme,0,E
Homme,0,E
Homme,0,E
Homme,0,E
Homme,0,E
Homme,0,E
Homme,0,E
Homme,0,E
Homme,0,E
Homme,0,E
Homme,0,E
Homme,0,E
Homme,0,E
Homme,0,E
Homme,0,E
Homme,0,E
Homme,0,E
Homme,0,E
Homme,0,E
Homme,0,E
Homme,0,E
Homme,0,E
Homme,0,E
Homme,0,E
Homme,0,E
Homme,0,E
Homme,0,E
Homme,0,E
Homme,0,E
Homme,0,E
Homme,0,E
Homme,0,E
Homme,0,E
Homme,0,E
Homme,0,E
Homme,0,E
Homme,0,E
Homme,0,E
Homme,0,E
Homme,0,E
Homme,0,E
Homme,0,E
Homme,0,E
Homme,0,E
Homme,0,E
Homme,0,E
Homme,0,E
Homme,0,E
Homme,0,E
Homme,0,E
Homme,0,E
Homme,0,E
Homme,0,E
Homme,0,E
Homme,0,E
Homme,0,E
Homme,0,E
Homme,0,E
Homme,0,E
Homme,0,E
Homme,0,E
Homme,0,E
Homme,0,E
Homme,0,E
Homme,0,E
Homme,0,E
Homme,0,E
Homme,0,E
Homme,0,E
Homme,0,E
Homme,0,E
Homme,0,E
Homme,0,E
Homme,0,E
Homme,0,E
Homme,0,E
Homme,0,E
Homme,0,E
Femme,1,E
Femme,1,E
Femme,1,E
Femme,1,E
Femme,1,E
Femme,1,E
Femme,1,E
Femme,1,E
Femme,1,E
Femme,1,E
Femme,1,E
Femme,1,E
Femme,1,E
Femme,1,E
Femme,1,E
Femme,1,E
Femme,1,E
Femme,1,E
Femme,1,E
Femme,1,E
Femme,1,E
Femme,1,E
Femme,1,E
Femme,1,E
Femme,1,E
Femme,1,E
Femme,1,E
Femme,1,E
Femme,1,E
Femme,1,E
Femme,1,E
Femme,1,E
Femme,1,E
Femme,1,E
Femme,1,E
Femme,1,E
Femme,1,E
Femme,1,E
Femme,1,E
Femme,1,E
Femme,1,E
Femme,1,E
Femme,1,E
Femme,1,E
Femme,1,E
Femme,1,E
Femme,1,E
Femme,1,E
Femme,1,E
Femme,1,E
Femme,1,E
Femme,1,E
Femme,1,E
Femme,1,E
Femme,1,E
Femme,1,E
Femme,1,E
Femme,1,E
Femme,1,E
Femme,1,E
Femme,1,E
Femme,1,E
Femme,1,E
Femme,1,E
Femme,1,E
Femme,1,E
Femme,1,E
Femme,1,E
Femme,1,E
Femme,1,E
Femme,1,E
Femme,1,E
Femme,1,E
Femme,1,E
Femme,1,E
Femme,1,E
Femme,1,E
Femme,1,E
Femme,1,E
Femme,1,E
Femme,1,E
Femme,1,E
Femme,1,E
Femme,1,E
Femme,1,E
Femme,1,E
Femme,1,E
Femme,1,E
Femme,1,E
Femme,1,E
Femme,1,E
Femme,1,E
Femme,0,E
Femme,0,E
Femme,0,E
Femme,0,E
Femme,0,E
Femme,0,E
Femme,0,E
Femme,0,E
Femme,0,E
Femme,0,E
Femme,0,E
Femme,0,E
Femme,0,E
Femme,0,E
Femme,0,E
Femme,0,E
Femme,0,E
Femme,0,E
Femme,0,E
Femme,0,E
Femme,0,E
Femme,0,E
Femme,0,E
Femme,0,E
Femme,0,E
Femme,0,E
Femme,0,E
Femme,0,E
Femme,0,E
Femme,0,E
Femme,0,E
Femme,0,E
Femme,0,E
Femme,0,E
Femme,0,E
Femme,0,E
Femme,0,E
Femme,0,E
Femme,0,E
Femme,0,E
Femme,0,E
Femme,0,E
Femme,0,E
Femme,0,E
Femme,0,E
Femme,0,E
Femme,0,E
Femme,0,E
Femme,0,E
Femme,0,E
Femme,0,E
Femme,0,E
Femme,0,E
Femme,0,E
Femme,0,E
Femme,0,E
Femme,0,E
Femme,0,E
Femme,0,E
Femme,0,E
Femme,0,E
Femme,0,E
Femme,0,E
Femme,0,E
Femme,0,E
Femme,0,E
Femme,0,E
Femme,0,E
Femme,0,E
Femme,0,E
Femme,0,E
Femme,0,E
Femme,0,E
Femme,0,E
Femme,0,E
Femme,0,E
Femme,0,E
Femme,0,E
Femme,0,E
Femme,0,E
Femme,0,E
Femme,0,E
Femme,0,E
Femme,0,E
Femme,0,E
Femme,0,E
Femme,0,E
Femme,0,E
Femme,0,E
Femme,0,E
Femme,0,E
Femme,0,E
Femme,0,E
Femme,0,E
Femme,0,E
Femme,0,E
Femme,0,E
Femme,0,E
Femme,0,E
Femme,0,E
Femme,0,E
Femme,0,E
Femme,0,E
Femme,0,E
Femme,0,E
Femme,0,E
Femme,0,E
Femme,0,E
Femme,0,E
Femme,0,E
Femme,0,E
Femme,0,E
Femme,0,E
Femme,0,E
Femme,0,E
Femme,0,E
Femme,0,E
Femme,0,E
Femme,0,E
Femme,0,E
Femme,0,E
Femme,0,E
Femme,0,E
Femme,0,E
Femme,0,E
Femme,0,E
Femme,0,E
Femme,0,E
Femme,0,E
Femme,0,E
Femme,0,E
Femme,0,E
Femme,0,E
Femme,0,E
Femme,0,E
Femme,0,E
Femme,0,E
Femme,0,E
Femme,0,E
Femme,0,E
Femme,0,E
Femme,0,E
Femme,0,E
Femme,0,E
Femme,0,E
Femme,0,E
Femme,0,E
Femme,0,E
Femme,0,E
Femme,0,E
Femme,0,E
Femme,0,E
Femme,0,E
Femme,0,E
Femme,0,E
Femme,0,E
Femme,0,E
Femme,0,E
Femme,0,E
Femme,0,E
Femme,0,E
Femme,0,E
Femme,0,E
Femme,0,E
Femme,0,E
Femme,0,E
Femme,0,E
Femme,0,E
Femme,0,E
Femme,0,E
Femme,0,E
Femme,0,E
Femme,0,E
Femme,0,E
Femme,0,E
Femme,0,E
Femme,0,E
Femme,0,E
Femme,0,E
Femme,0,E
Femme,0,E
Femme,0,E
Femme,0,E
Femme,0,E
Femme,0,E
Femme,0,E
Femme,0,E
Femme,0,E
Femme,0,E
Femme,0,E
Femme,0,E
Femme,0,E
Femme,0,E
Femme,0,E
Femme,0,E
Femme,0,E
Femme,0,E
Femme,0,E
Femme,0,E
Femme,0,E
Femme,0,E
Femme,0,E
Femme,0,E
Femme,0,E
Femme,0,E
Femme,0,E
Femme,0,E
Femme,0,E
Femme,0,E
Femme,0,E
Femme,0,E
Femme,0,E
Femme,0,E
Femme,0,E
Femme,0,E
Femme,0,E
Femme,0,E
Femme,0,E
Femme,0,E
Femme,0,E
Femme,0,E
Femme,0,E
Femme,0,E
Femme,0,E
Femme,0,E
Femme,0,E
Femme,0,E
Femme,0,E
Femme,0,E
Femme,0,E
Femme,0,E
Femme,0,E
Femme,0,E
Femme,0,E
Femme,0,E
Femme,0,E
Femme,0,E
Femme,0,E
Femme,0,E
Femme,0,E
Femme,0,E
Femme,0,E
Femme,0,E
Femme,0,E
Femme,0,E
Femme,0,E
Femme,0,E
Femme,0,E
Femme,0,E
Femme,0,E
Femme,0,E
Femme,0,E
Femme,0,E
Femme,0,E
Femme,0,E
Femme,0,E
Femme,0,E
Femme,0,E
Femme,0,E
Femme,0,E
Femme,0,E
Femme,0,E
Femme,0,E
Femme,0,E
Femme,0,E
Femme,0,E
Femme,0,E
Femme,0,E
Femme,0,E
Femme,0,E
Femme,0,E
Femme,0,E
Femme,0,E
Femme,0,E
Femme,0,E
Femme,0,E
Femme,0,E
Femme,0,E
Femme,0,E
Femme,0,E
Femme,0,E
Femme,0,E
Femme,0,E
Femme,0,E
Femme,0,E
Femme,0,E
Femme,0,E
Femme,0,E
Femme,0,E
Femme,0,E
Femme,0,E
Femme,0,E
Femme,0,E
Femme,0,E
Femme,0,E
Femme,0,E
Femme,0,E
Homme,1,F
Homme,1,F
Homme,1,F
Homme,1,F
Homme,1,F
Homme,1,F
Homme,1,F
Homme,1,F
Homme,1,F
Homme,1,F
Homme,1,F
Homme,1,F
Homme,1,F
Homme,1,F
Homme,0,F
Homme,0,F
Homme,0,F
Homme,0,F
Homme,0,F
Homme,0,F
Homme,0,F
Homme,0,F
Homme,0,F
Homme,0,F
Homme,0,F
Homme,0,F
Homme,0,F
Homme,0,F
Homme,0,F
Homme,0,F
Homme,0,F
Homme,0,F
Homme,0,F
Homme,0,F
Homme,0,F
Homme,0,F
Homme,0,F
Homme,0,F
Homme,0,F
Homme,0,F
Homme,0,F
Homme,0,F
Homme,0,F
Homme,0,F
Homme,0,F
Homme,0,F
Homme,0,F
Homme,0,F
Homme,0,F
Homme,0,F
Homme,0,F
Homme,0,F
Homme,0,F
Homme,0,F
Homme,0,F
Homme,0,F
Homme,0,F
Homme,0,F
Homme,0,F
Homme,0,F
Homme,0,F
Homme,0,F
Homme,0,F
Homme,0,F
Homme,0,F
Homme,0,F
Homme,0,F
Homme,0,F
Homme,0,F
Homme,0,F
Homme,0,F
Homme,0,F
Homme,0,F
Homme,0,F
Homme,0,F
Homme,0,F
Homme,0,F
Homme,0,F
Homme,0,F
Homme,0,F
Homme,0,F
Homme,0,F
Homme,0,F
Homme,0,F
Homme,0,F
Homme,0,F
Homme,0,F
Homme,0,F
Homme,0,F
Homme,0,F
Homme,0,F
Homme,0,F
Homme,0,F
Homme,0,F
Homme,0,F
Homme,0,F
Homme,0,F
Homme,0,F
Homme,0,F
Homme,0,F
Homme,0,F
Homme,0,F
Homme,0,F
Homme,0,F
Homme,0,F
Homme,0,F
Homme,0,F
Homme,0,F
Homme,0,F
Homme,0,F
Homme,0,F
Homme,0,F
Homme,0,F
Homme,0,F
Homme,0,F
Homme,0,F
Homme,0,F
Homme,0,F
Homme,0,F
Homme,0,F
Homme,0,F
Homme,0,F
Homme,0,F
Homme,0,F
Homme,0,F
Homme,0,F
Homme,0,F
Homme,0,F
Homme,0,F
Homme,0,F
Homme,0,F
Homme,0,F
Homme,0,F
Homme,0,F
Homme,0,F
Homme,0,F
Homme,0,F
Homme,0,F
Homme,0,F
Homme,0,F
Homme,0,F
Homme,0,F
Homme,0,F
Homme,0,F
Homme,0,F
Homme,0,F
Homme,0,F
Homme,0,F
Homme,0,F
Homme,0,F
Homme,0,F
Homme,0,F
Homme,0,F
Homme,0,F
Homme,0,F
Homme,0,F
Homme,0,F
Homme,0,F
Homme,0,F
Homme,0,F
Homme,0,F
Homme,0,F
Homme,0,F
Homme,0,F
Homme,0,F
Homme,0,F
Homme,0,F
Homme,0,F
Homme,0,F
Homme,0,F
Homme,0,F
Homme,0,F
Homme,0,F
Homme,0,F
Homme,0,F
Homme,0,F
Homme,0,F
Homme,0,F
Homme,0,F
Homme,0,F
Homme,0,F
Homme,0,F
Homme,0,F
Homme,0,F
Homme,0,F
Homme,0,F
Homme,0,F
Homme,0,F
Homme,0,F
Homme,0,F
Homme,0,F
Homme,0,F
Homme,0,F
Homme,0,F
Homme,0,F
Homme,0,F
Homme,0,F
Homme,0,F
Homme,0,F
Homme,0,F
Homme,0,F
Homme,0,F
Homme,0,F
Homme,0,F
Homme,0,F
Homme,0,F
Homme,0,F
Homme,0,F
Homme,0,F
Homme,0,F
Homme,0,F
Homme,0,F
Homme,0,F
Homme,0,F
Homme,0,F
Homme,0,F
Homme,0,F
Homme,0,F
Homme,0,F
Homme,0,F
Homme,0,F
Homme,0,F
Homme,0,F
Homme,0,F
Homme,0,F
Homme,0,F
Homme,0,F
Homme,0,F
Homme,0,F
Homme,0,F
Homme,0,F
Homme,0,F
Homme,0,F
Homme,0,F
Homme,0,F
Homme,0,F
Homme,0,F
Homme,0,F
Homme,0,F
Homme,0,F
Homme,0,F
Homme,0,F
Homme,0,F
Homme,0,F
Homme,0,F
Homme,0,F
Homme,0,F
Homme,0,F
Homme,0,F
Homme,0,F
Homme,0,F
Homme,0,F
Homme,0,F
Homme,0,F
Homme,0,F
Homme,0,F
Homme,0,F
Homme,0,F
Homme,0,F
Homme,0,F
Homme,0,F
Homme,0,F
Homme,0,F
Homme,0,F
Homme,0,F
Homme,0,F
Homme,0,F
Homme,0,F
Femme,1,F
Femme,1,F
Femme,1,F
Femme,1,F
Femme,1,F
Femme,1,F
Femme,1,F
Femme,1,F
Femme,1,F
Femme,1,F
Femme,1,F
Femme,1,F
Femme,1,F
Femme,1,F
Femme,1,F
Femme,1,F
Femme,1,F
Femme,1,F
Femme,1,F
Femme,1,F
Femme,1,F
Femme,1,F
Femme,0,F
Femme,0,F
Femme,0,F
Femme,0,F
Femme,0,F
Femme,0,F
Femme,0,F
Femme,0,F
Femme,0,F
Femme,0,F
Femme,0,F
Femme,0,F
Femme,0,F
Femme,0,F
Femme,0,F
Femme,0,F
Femme,0,F
Femme,0,F
Femme,0,F
Femme,0,F
Femme,0,F
Femme,0,F
Femme,0,F
Femme,0,F
Femme,0,F
Femme,0,F
Femme,0,F
Femme,0,F
Femme,0,F
Femme,0,F
Femme,0,F
Femme,0,F
Femme,0,F
Femme,0,F
Femme,0,F
Femme,0,F
Femme,0,F
Femme,0,F
Femme,0,F
Femme,0,F
Femme,0,F
Femme,0,F
Femme,0,F
Femme,0,F
Femme,0,F
Femme,0,F
Femme,0,F
Femme,0,F
Femme,0,F
Femme,0,F
Femme,0,F
Femme,0,F
Femme,0,F
Femme,0,F
Femme,0,F
Femme,0,F
Femme,0,F
Femme,0,F
Femme,0,F
Femme,0,F
Femme,0,F
Femme,0,F
Femme,0,F
Femme,0,F
Femme,0,F
Femme,0,F
Femme,0,F
Femme,0,F
Femme,0,F
Femme,0,F
Femme,0,F
Femme,0,F
Femme,0,F
Femme,0,F
Femme,0,F
Femme,0,F
Femme,0,F
Femme,0,F
Femme,0,F
Femme,0,F
Femme,0,F
Femme,0,F
Femme,0,F
Femme,0,F
Femme,0,F
Femme,0,F
Femme,0,F
Femme,0,F
Femme,0,F
Femme,0,F
Femme,0,F
Femme,0,F
Femme,0,F
Femme,0,F
Femme,0,F
Femme,0,F
Femme,0,F
Femme,0,F
Femme,0,F
Femme,0,F
Femme,0,F
Femme,0,F
Femme,0,F
Femme,0,F
Femme,0,F
Femme,0,F
Femme,0,F
Femme,0,F
Femme,0,F
Femme,0,F
Femme,0,F
Femme,0,F
Femme,0,F
Femme,0,F
Femme,0,F
Femme,0,F
Femme,0,F
Femme,0,F
Femme,0,F
Femme,0,F
Femme,0,F
Femme,0,F
Femme,0,F
Femme,0,F
Femme,0,F
Femme,0,F
Femme,0,F
Femme,0,F
Femme,0,F
Femme,0,F
Femme,0,F
Femme,0,F
Femme,0,F
Femme,0,F
Femme,0,F
Femme,0,F
Femme,0,F
Femme,0,F
Femme,0,F
Femme,0,F
Femme,0,F
Femme,0,F
Femme,0,F
Femme,0,F
Femme,0,F
Femme,0,F
Femme,0,F
Femme,0,F
Femme,0,F
Femme,0,F
Femme,0,F
Femme,0,F
Femme,0,F
Femme,0,F
Femme,0,F
Femme,0,F
Femme,0,F
Femme,0,F
Femme,0,F
Femme,0,F
Femme,0,F
Femme,0,F
Femme,0,F
Femme,0,F
Femme,0,F
Femme,0,F
Femme,0,F
Femme,0,F
Femme,0,F
Femme,0,F
Femme,0,F
Femme,0,F
Femme,0,F
Femme,0,F
Femme,0,F
Femme,0,F
Femme,0,F
Femme,0,F
Femme,0,F
Femme,0,F
Femme,0,F
Femme,0,F
Femme,0,F
Femme,0,F
Femme,0,F
Femme,0,F
Femme,0,F
Femme,0,F
Femme,0,F
Femme,0,F
Femme,0,F
Femme,0,F
Femme,0,F
Femme,0,F
Femme,0,F
Femme,0,F
Femme,0,F
Femme,0,F
Femme,0,F
Femme,0,F
Femme,0,F
Femme,0,F
Femme,0,F
Femme,0,F
Femme,0,F
Femme,0,F
Femme,0,F
Femme,0,F
Femme,0,F
Femme,0,F
Femme,0,F
Femme,0,F
Femme,0,F
Femme,0,F
Femme,0,F
Femme,0,F
Femme,0,F
Femme,0,F
Femme,0,F
Femme,0,F
Femme,0,F
Femme,0,F
Femme,0,F
Femme,0,F
Femme,0,F
Femme,0,F
Femme,0,F
Femme,0,F
Femme,0,F
Femme,0,F
Femme,0,F
Femme,0,F
Femme,0,F
Femme,0,F
Femme,0,F
Femme,0,F
Femme,0,F
Femme,0,F
Femme,0,F
Femme,0,F
Femme,0,F
Femme,0,F
Femme,0,F
Femme,0,F
Femme,0,F
Femme,0,F
Femme,0,F
Femme,0,F
Femme,0,F
Femme,0,F
Femme,0,F
Femme,0,F
Femme,0,F
Femme,0,F
Femme,0,F
Femme,0,F
Femme,0,F
Femme,0,F
Femme,0,F
Femme,0,F
Femme,0,F
Femme,0,F
Femme,0,F
Femme,0,F
Femme,0,F
Femme,0,F
Femme,0,F
Femme,0,F
Femme,0,F
Femme,0,F
Femme,0,F
Femme,0,F
Femme,0,F
Femme,0,F
Femme,0,F
Femme,0,F
Femme,0,F
Femme,0,F
Femme,0,F
Femme,0,F
Femme,0,F
Femme,0,F
Femme,0,F
Femme,0,F
Femme,0,F
Femme,0,F
Femme,0,F
Femme,0,F
Femme,0,F
Femme,0,F
Femme,0,F
Femme,0,F
Femme,0,F
Femme,0,F
Femme,0,F
Femme,0,F
Femme,0,F
Femme,0,F
Femme,0,F
Femme,0,F
Femme,0,F
Femme,0,F
Femme,0,F
Femme,0,F
Femme,0,F
Femme,0,F
Femme,0,F
Femme,0,F
Femme,0,F
Femme,0,F
Femme,0,F
Femme,0,F
Femme,0,F
Femme,0,F
Femme,0,F
